"","2017-11-27","2017-11-28","2017-11-29","2017-11-30","2017-12-01","2017-12-02","2017-12-04","2017-12-05","2017-12-06","2017-12-12","2017-12-13","2017-12-14","2017-12-16","2017-12-19","2017-12-20","2017-12-22"
"Kevin Durant_GS",0,NA,47.75,NA,45.5,NA,38.25,NA,72.25,NA,NA,65.25,NA,NA,38,65.25
"Russell Westbrook_OKC",NA,NA,69.75,NA,49.25,NA,NA,77.25,NA,NA,55.75,NA,46.25,NA,56,67.75
"Giannis Antetokounmpo_MIL",NA,57.25,NA,50.75,NA,65.25,55.25,NA,49,NA,60.75,NA,53.25,60.5,NA,44.75
"DeMarcus Cousins_NO",NA,NA,42.5,NA,49.25,50,58.75,NA,81,NA,52.75,NA,NA,49.25,NA,54.25
"Anthony Davis_NO",NA,NA,22.25,NA,39.5,0,0,NA,0,NA,49,NA,NA,51.25,NA,39.25
"Victor Oladipo_IND",NA,NA,43.75,NA,65.75,NA,33.75,NA,45.5,NA,36.75,NA,NA,NA,34.75,NA
"Karl-Anthony Towns_MIN",NA,43.75,27,NA,39.75,NA,27.75,NA,53.5,57,NA,69.5,56.75,NA,48.5,NA
"Stephen Curry_GS",0,NA,43.75,NA,52.5,NA,58.75,NA,0,NA,NA,0,NA,NA,0,0
"Jimmy Butler_MIN",NA,45.25,30,NA,45.25,NA,48,NA,40.5,53,NA,51.25,26,NA,36.5,NA
"Kyrie Irving_BOS",NA,NA,NA,47,NA,30,42,NA,35.5,NA,51.25,NA,32,NA,49.5,NA
"John Wall_WAS",NA,0,0,NA,0,NA,0,0,NA,0,25.75,NA,NA,43.5,NA,19
"Nikola Vucevic_ORL",NA,NA,34.25,NA,17.75,NA,34.5,NA,61.5,NA,46,NA,NA,NA,38.5,36.5
"Damian Lillard_POR",NA,NA,NA,35.75,NA,50.75,NA,53,NA,NA,30.75,NA,45.75,NA,30.5,0
"Marc Gasol_MEM",NA,NA,27,NA,45.25,49.5,38.75,NA,34.5,NA,32,NA,54,NA,43.25,NA
"Devin Booker_PHO",NA,54,26.5,NA,NA,50.5,64.5,43.25,NA,0,0,NA,0,NA,0,NA
"Tyreke Evans_MEM",NA,NA,32.75,NA,14.25,63.25,43.25,NA,22.25,NA,0,NA,41.75,NA,30,NA
"Bradley Beal_WAS",NA,21,31.5,NA,18,NA,13.25,59.25,NA,39.5,36.5,NA,NA,44.25,NA,15.5
"CJ McCollum_POR",NA,NA,NA,31.5,NA,26.5,NA,28,NA,NA,41.25,NA,33,NA,30.25,22.75
"LaMarcus Aldridge_SA",NA,NA,53,NA,32,NA,37.5,NA,24.5,42.25,NA,NA,43.5,NA,37,NA
"Khris Middleton_MIL",NA,22,NA,43.75,NA,30.5,42.5,NA,36.75,NA,38.25,NA,38,37,NA,38.75
"Nikola Jokic_DEN",NA,27,NA,19,NA,0,0,NA,0,0,0,NA,NA,NA,35.5,50.25
"Aaron Gordon_ORL",NA,NA,78.75,NA,46.25,NA,30,NA,48.25,NA,0,NA,NA,NA,0,0
"Blake Griffin_LAC",50.25,NA,NA,0,NA,0,NA,NA,0,NA,0,NA,0,NA,0,0
"Jrue Holiday_NO",NA,NA,42.75,NA,24.5,33.75,50,NA,40.25,NA,36.5,NA,NA,33,NA,38
"DeAndre Jordan_LAC",19.75,NA,NA,31,NA,40.25,NA,NA,47.25,NA,54.5,NA,43.5,NA,39.5,47
"Dwight Howard_CHA",NA,NA,42,NA,18.75,NA,24.25,NA,26.75,NA,55.5,NA,38.25,NA,26.75,5.25
"Al Horford_BOS",NA,NA,NA,42.5,NA,40.75,44.75,NA,50.5,NA,0,NA,33.75,NA,18.5,NA
"Draymond Green_GS",34,NA,50.25,NA,41.25,NA,53.25,NA,0,NA,NA,0,NA,NA,0,40.25
"Paul George_OKC",NA,NA,37.75,NA,62,NA,NA,28.25,NA,NA,27,NA,42.25,NA,35,32.75
"Klay Thompson_GS",36.25,NA,28.75,NA,39.75,NA,31.25,NA,32,NA,NA,31.75,NA,NA,43,24.75
"Lou Williams_LAC",0,NA,NA,0,NA,0,NA,NA,0,NA,0,NA,0,NA,0,0
"Hassan Whiteside_MIA",NA,35.5,0,NA,0,NA,NA,NA,0,NA,0,NA,0,NA,0,0
"Dennis Schroder_ATL",NA,NA,NA,36.5,NA,38.75,31.25,NA,46.25,23.75,NA,29.25,NA,NA,27.25,0
"Kris Dunn_CHI",NA,48.5,NA,34.75,26,NA,31.5,NA,37,NA,40.75,NA,NA,NA,40,NA
"Lonzo Ball_LAL",20.75,NA,36.5,NA,NA,29.75,NA,NA,NA,43,NA,43.5,NA,NA,37.75,39.75
"Donovan Mitchell_UTA",NA,26.75,NA,36.5,53.5,NA,27.75,48.25,NA,NA,49.75,NA,31.5,NA,0,NA
"D'Angelo Russell_BKN",NA,NA,0,NA,NA,0,0,NA,NA,0,NA,0,NA,NA,0,0
"Kemba Walker_CHA",NA,NA,0,NA,0,NA,50.5,NA,44,NA,27.75,NA,33.5,NA,28.5,47
"Brandon Ingram_LAL",24.75,NA,50.25,NA,NA,24.5,NA,NA,NA,22.75,NA,45,NA,NA,33,21.25
"Jusuf Nurkic_POR",NA,NA,NA,46.75,NA,14,NA,34.25,NA,NA,0,NA,21.25,NA,23.5,9.25
"Kyle Kuzma_LAL",22,NA,0,NA,NA,29,NA,NA,NA,33.5,NA,28.75,NA,NA,58.25,53.5
"Kent Bazemore_ATL",NA,NA,NA,23,NA,22,21.25,NA,23,47,NA,26.25,NA,NA,26.25,27.75
"Rudy Gobert_UTA",NA,0,NA,0,0,NA,26,16,NA,NA,31.25,NA,0,NA,0,NA
"TJ Warren_PHO",NA,38.75,11,NA,NA,37.25,43,10.75,NA,27.75,21.75,NA,25.75,NA,45.5,NA
"Paul Millsap_DEN",NA,0,NA,0,NA,0,0,NA,0,0,0,NA,NA,NA,0,0
"Harrison Barnes_DAL",NA,NA,39.5,NA,NA,23.5,40.5,NA,32.25,30.5,NA,29.25,21.25,NA,39.25,25.5
"Nikola Mirotic_CHI",NA,0,NA,0,0,NA,0,NA,0,NA,44.75,NA,NA,NA,33,NA
"Myles Turner_IND",NA,NA,36.5,NA,28.5,NA,22.25,NA,35.25,NA,24,NA,NA,NA,38,NA
"Jonathon Simmons_ORL",NA,NA,8,NA,27.25,NA,24.5,NA,27,NA,41,NA,NA,NA,16.5,37
"Steven Adams_OKC",NA,NA,20,NA,38,NA,NA,33.75,NA,NA,43.25,NA,0,NA,26.25,34.5
"Rodney Hood_UTA",NA,0,NA,0,0,NA,0,0,NA,NA,24.5,NA,19.75,NA,18.5,NA
"Spencer Dinwiddie_BKN",NA,NA,34.25,NA,NA,42,29.75,NA,NA,43,NA,50.25,NA,NA,28.25,28
"Mike Conley_MEM",NA,NA,0,NA,0,0,0,NA,0,NA,0,NA,0,NA,0,NA
"Eric Bledsoe_MIL",NA,42.25,NA,37.75,NA,30.5,28.75,NA,36.75,NA,32.25,NA,27.25,38.75,NA,55.25
"Josh Richardson_MIA",NA,23,26.25,NA,35.5,NA,NA,NA,25,NA,19,NA,44.75,NA,35.5,42.5
"Taurean Prince_ATL",NA,NA,NA,20.5,NA,24,19,NA,29.5,41.75,NA,14.5,NA,NA,21.5,18.25
"Gary Harris_DEN",NA,26.25,NA,39.25,NA,32,37.75,NA,38.75,36.5,53.25,NA,NA,NA,0,29.5
"Rondae Hollis-Jefferson_BKN",NA,NA,0,NA,NA,18,37.5,NA,NA,36,NA,48.25,NA,NA,31.5,46.25
"Jeff Teague_MIN",NA,0,0,NA,31.25,NA,15.25,NA,35.75,23.75,NA,24.5,38.75,NA,36.5,NA
"James Johnson_MIA",NA,25.75,17.5,NA,24,NA,NA,NA,20.75,NA,34.5,NA,7.75,NA,0,0
"Thaddeus Young_IND",NA,NA,30.5,NA,26.75,NA,33,NA,28.75,NA,46,NA,NA,NA,20,NA
"Zach Randolph_SAC",23,18.75,NA,NA,48.75,33.25,NA,NA,48,34.75,NA,28.75,NA,34.25,36.5,NA
"Kawhi Leonard_SA",NA,NA,0,NA,0,NA,0,NA,0,26.5,NA,NA,0,NA,0,NA
"Andrew Wiggins_MIN",NA,23.5,48,NA,33.75,NA,21.25,NA,20.5,37.75,NA,24.25,23.25,NA,22.25,NA
"Goran Dragic_MIA",NA,17.5,13,NA,17,NA,NA,NA,22.5,NA,22.25,NA,19.5,NA,0,0
"Carmelo Anthony_OKC",NA,NA,30.75,NA,18,NA,NA,31.5,NA,NA,24.75,NA,21.25,NA,30.25,33.25
"Taj Gibson_MIN",NA,32.25,31,NA,16,NA,27.75,NA,43.5,32.5,NA,22.5,37.5,NA,22.25,NA
"Pau Gasol_SA",NA,NA,19,NA,25.5,NA,38.5,NA,24.25,13.75,NA,NA,2.75,NA,52.75,NA
"Otto Porter_WAS",NA,33.5,21,NA,38.25,NA,24,22,NA,21.75,31.25,NA,NA,0,NA,14
"Elfrid Payton_ORL",NA,NA,43.25,NA,33.5,NA,27.5,NA,25.25,NA,24.5,NA,NA,NA,35.5,31.25
"Dion Waiters_MIA",NA,32.25,27.25,NA,26.75,NA,NA,NA,33.75,NA,24.5,NA,28,NA,23.75,9.75
"Kelly Olynyk_MIA",NA,8.75,28.75,NA,23,NA,NA,NA,28.5,NA,20,NA,33.25,NA,48.75,23.5
"Jamal Murray_DEN",NA,14.75,NA,10.5,NA,44.5,28,NA,27.75,40.5,53.5,NA,NA,NA,45,14.5
"Evan Fournier_ORL",NA,NA,23.75,NA,33.75,NA,25.75,NA,37.5,NA,0,NA,NA,NA,0,0
"Will Barton_DEN",NA,14.5,NA,51.5,NA,34.5,46,NA,28.25,30,0,NA,NA,NA,24.25,26.25
"Jayson Tatum_BOS",NA,NA,NA,25.5,NA,33.5,26,NA,34,NA,25,NA,40.75,NA,24.25,NA
"Ricky Rubio_UTA",NA,30,NA,31.25,16.75,NA,18.75,22,NA,NA,25,NA,18.5,NA,8.5,NA
"Derrick Favors_UTA",NA,50.25,NA,35.5,43.75,NA,23.5,18.5,NA,NA,18,NA,0,NA,11.5,NA
"Kentavious Caldwell-Pope_LAL",46,NA,31.75,NA,NA,13,NA,NA,NA,41,NA,0,NA,NA,0,28.75
"Danilo Gallinari_LAC",0,NA,NA,0,NA,0,NA,NA,13.5,NA,0,NA,0,NA,0,0
"Rajon Rondo_NO",NA,NA,15.75,NA,40.5,38.5,38.75,NA,28.5,NA,18.25,NA,NA,6,NA,20.75
"Alex Len_PHO",NA,37.5,11.25,NA,NA,0,10.75,25.25,NA,25,31.5,NA,50.25,NA,24.25,NA
"Marcin Gortat_WAS",NA,19.25,12,NA,40.5,NA,20.25,26.75,NA,20.25,30.5,NA,NA,37.5,NA,12.25
"John Collins_ATL",NA,NA,NA,27.75,NA,0,0,NA,0,0,NA,29.25,NA,NA,29.25,32.25
"Jaylen Brown_BOS",NA,NA,NA,8.75,NA,27,19.25,NA,0,NA,39.75,NA,21.25,NA,29,NA
"Darren Collison_IND",NA,NA,21.5,NA,34.75,NA,41.5,NA,18.75,NA,24.75,NA,NA,NA,13.75,NA
"Domantas Sabonis_IND",NA,NA,14.25,NA,17,NA,29,NA,13.25,NA,15.5,NA,NA,NA,15.5,NA
"Austin Rivers_LAC",39,NA,NA,36.5,NA,19.75,NA,NA,35.5,NA,15.5,NA,0,NA,35.5,54
"Tyler Johnson_MIA",NA,6.25,24.25,NA,16,NA,NA,NA,35.75,NA,0,NA,13.5,NA,35.25,33.25
"Dewayne Dedmon_ATL",NA,NA,NA,0,NA,0,0,NA,0,0,NA,0,NA,NA,0,0
"Justin Holiday_CHI",NA,49.25,NA,26.25,27.5,NA,31.5,NA,16,NA,21.5,NA,NA,NA,22.5,NA
"Marcus Smart_BOS",NA,NA,NA,19,NA,31.5,24,NA,7.25,NA,26.25,NA,22,NA,29,NA
"Julius Randle_LAL",16.75,NA,29.5,NA,NA,26.5,NA,NA,NA,21.5,NA,23.5,NA,NA,6.25,42.5
"Nicolas Batum_CHA",NA,NA,19.75,NA,25.75,NA,36.25,NA,30.25,NA,25.75,NA,38,NA,9.5,23.75
"Caris LeVert_BKN",NA,NA,31,NA,NA,15.25,33.5,NA,NA,31.25,NA,34.25,NA,NA,26.5,29
"Larry Nance_LAL",29,NA,22.5,NA,NA,10.5,NA,NA,NA,17.75,NA,29.5,NA,NA,32.25,9.5
"Al-Farouq Aminu_POR",NA,NA,NA,11.75,NA,13.25,NA,27,NA,NA,34.25,NA,9.25,NA,29.5,16.5
"Willie Cauley-Stein_SAC",43,23.5,NA,NA,28.75,5,NA,NA,0,23.5,NA,17.25,NA,21.5,26.25,NA
"Rudy Gay_SA",NA,NA,20.25,NA,27.25,NA,36.5,NA,35.25,35.75,NA,NA,16.5,NA,10.75,NA
"Jeremy Lamb_CHA",NA,NA,30.75,NA,24.5,NA,17.5,NA,14,NA,9.75,NA,20,NA,41.25,21
"Dennis Smith_DAL",NA,NA,16,NA,NA,24.25,30.25,NA,25,0,NA,0,0,NA,28.75,19
"Lauri Markkanen_CHI",NA,27,NA,33.25,22.75,NA,28.75,NA,20.5,NA,0,NA,NA,NA,17.25,NA
"Shabazz Napier_POR",NA,NA,NA,10.25,NA,32.75,NA,3,NA,NA,17.75,NA,13,NA,20.25,33
"Joe Ingles_UTA",NA,18,NA,24,32.25,NA,18.5,30,NA,NA,23.5,NA,31,NA,12,NA
"Danny Green_SA",NA,NA,17,NA,15.75,NA,29.5,NA,29.75,11.75,NA,NA,0,NA,16.5,NA
"Jabari Parker_MIL",NA,0,NA,0,NA,0,0,NA,0,NA,0,NA,0,0,NA,0
"Jordan Clarkson_LAL",34,NA,41,NA,NA,21.75,NA,NA,NA,24,NA,17.75,NA,NA,9.75,13.25
"Denzel Valentine_CHI",NA,24.5,NA,23.75,17,NA,13.75,NA,32.5,NA,19.75,NA,NA,NA,40.5,NA
"DeMarre Carroll_BKN",NA,NA,33.25,NA,NA,28.5,29,NA,NA,29,NA,25.25,NA,NA,29.75,31.5
"Isaiah Canaan_PHO",NA,NA,NA,NA,NA,NA,NA,NA,NA,NA,NA,NA,30.25,NA,18.5,NA
"Mike Scott_WAS",NA,25.25,2.75,NA,10.25,NA,4.75,23.75,NA,15.75,18.25,NA,NA,31,NA,17.75
"JJ Barea_DAL",NA,NA,0,NA,NA,0,0,NA,0,0,NA,0,0,NA,0,0
"Zach LaVine_CHI",NA,0,NA,0,0,NA,0,NA,0,NA,0,NA,NA,NA,0,NA
"Greg Monroe_PHO",NA,0,32.75,NA,NA,20,0,34,NA,0,37.25,NA,0,NA,0,NA
"Kyle Anderson_SA",NA,NA,25.5,NA,12,NA,0,NA,0,0,NA,NA,0,NA,23,NA
"Milos Teodosic_LAC",0,NA,NA,0,NA,0,NA,NA,0,NA,28.5,NA,28.5,NA,24.25,0
"JaMychal Green_MEM",NA,NA,23.5,NA,9.75,29.75,29.75,NA,11.75,NA,37.75,NA,15.5,NA,14.5,NA
"Yogi Ferrell_DAL",NA,NA,17.75,NA,NA,15.5,22,NA,23.75,32,NA,18.75,43.75,NA,25.25,34.5
"Bobby Portis_CHI",NA,17.25,NA,15.5,0,NA,26.75,NA,21.25,NA,24,NA,NA,NA,23.75,NA
"Marcus Morris_BOS",NA,NA,NA,29.25,NA,27,15.5,NA,0,NA,0,NA,0,NA,0,NA
"Alec Burks_UTA",NA,22.5,NA,53.25,35.75,NA,41.25,21,NA,NA,20.75,NA,8.75,NA,32.75,NA
"Kelly Oubre_WAS",NA,29.5,39.75,NA,19.75,NA,11.25,30,NA,26.25,22,NA,NA,16.5,NA,19
"E'Twaun Moore_NO",NA,NA,11,NA,30.25,22.75,39.5,NA,22.75,NA,34.25,NA,NA,22.5,NA,14.5
"Omri Casspi_GS",16,NA,0,NA,19.5,NA,4.25,NA,13.25,NA,NA,39.75,NA,NA,22,21.25
"Mason Plumlee_DEN",NA,4,NA,19.75,NA,28,18.75,NA,13.75,32.25,28.5,NA,NA,NA,40.5,30.25
"Wesley Matthews_DAL",NA,NA,15.25,NA,NA,20,22.75,NA,11.25,28.75,NA,13.5,22,NA,14.5,15.5
"Dirk Nowitzki_DAL",NA,NA,21.25,NA,NA,27.25,20,NA,26.5,11.5,NA,33.25,27.5,NA,21.5,31.5
"Ersan Ilyasova_ATL",NA,NA,NA,37.25,NA,24.25,15.5,NA,26.75,14.5,NA,28.75,NA,NA,17.75,30.75
"Buddy Hield_SAC",6.75,17.5,NA,NA,1.5,36,NA,NA,34,17.5,NA,14.25,NA,39.25,6,NA
"Mario Hezonja_ORL",NA,NA,4,NA,11.75,NA,0.75,NA,0,NA,41.75,NA,NA,NA,15,22
"Malcolm Brogdon_MIL",NA,25.5,NA,16.75,NA,21.75,17.5,NA,24.25,NA,19.75,NA,34.5,24.75,NA,32
"Wilson Chandler_DEN",NA,0,NA,0,NA,0,16.75,NA,16.5,25,26.75,NA,NA,NA,28.5,36.25
"Trey Lyles_DEN",NA,10,NA,22,NA,24.75,22,NA,35.25,26,21.5,NA,NA,NA,18.25,25.75
"Robin Lopez_CHI",NA,24.25,NA,29,28.25,NA,27.25,NA,24.75,NA,33.5,NA,NA,NA,24.25,NA
"Lance Stephenson_IND",NA,NA,24.5,NA,13.5,NA,18.75,NA,12,NA,22,NA,NA,NA,30,NA
"Brook Lopez_LAL",11.75,NA,11.75,NA,NA,27.75,NA,NA,NA,24.5,NA,13.75,NA,NA,0,0
"Tyson Chandler_PHO",NA,12.25,0,NA,NA,42.5,37.5,0,NA,25,0,NA,13.5,NA,10,NA
"George Hill_SAC",21.5,7.5,NA,NA,22.75,8.5,NA,NA,27.25,36.75,NA,24,NA,0,37.25,NA
"Bojan Bogdanovic_IND",NA,NA,19.25,NA,15.25,NA,28,NA,27,NA,29,NA,NA,NA,23.75,NA
"De'Aaron Fox_SAC",20,7.25,NA,NA,24.25,27.5,NA,NA,10.25,12,NA,4,NA,4.25,0,NA
"Tony Parker_SA",NA,NA,19.5,NA,13.75,NA,15.5,NA,28.75,18.25,NA,NA,0,NA,0,NA
"Dejounte Murray_SA",NA,NA,3,NA,3.5,NA,3.75,NA,0,0,NA,NA,28.5,NA,17.75,NA
"Markieff Morris_WAS",NA,7,9.5,NA,41.25,NA,15.75,22.5,NA,6.75,0,NA,NA,17.5,NA,16
"John Henson_MIL",NA,22.25,NA,29.5,NA,24,6.75,NA,21,NA,29.5,NA,17.5,31,NA,16
"Jordan Bell_GS",12.25,NA,15.5,NA,29,NA,6.25,NA,18.25,NA,NA,30.5,NA,NA,18,42
"Allen Crabbe_BKN",NA,NA,0,NA,NA,19.75,16.5,NA,NA,28.75,NA,10.5,NA,NA,21.25,20.5
"Patty Mills_SA",NA,NA,0,NA,0,NA,0,NA,0,0,NA,NA,0,NA,0,NA
"Michael Kidd-Gilchrist_CHA",NA,NA,14.75,NA,25.25,NA,26.5,NA,11.75,NA,38.25,NA,21,NA,22.5,24.75
"Andre Iguodala_GS",19.25,NA,16,NA,0,NA,24,NA,29,NA,NA,20.75,NA,NA,0,5
"Terry Rozier_BOS",NA,NA,NA,12.5,NA,11.75,16,NA,25.25,NA,17,NA,21,NA,9.25,NA
"Evan Turner_POR",NA,NA,NA,19.25,NA,8,NA,5.75,NA,NA,15.5,NA,19.25,NA,18.25,14.5
"Bogdan Bogdanovic_SAC",18,11.5,NA,NA,29.75,22,NA,NA,18.5,24.75,NA,21.5,NA,8.75,20.25,NA
"Wesley Johnson_LAC",9.25,NA,NA,21.25,NA,16.5,NA,NA,21.75,NA,10.25,NA,10.25,NA,0,0
"Bam Adebayo_MIA",NA,31.5,18.75,NA,17.75,NA,NA,NA,14.75,NA,22.25,NA,17.75,NA,11.75,33
"Seth Curry_DAL",NA,NA,0,NA,NA,0,0,NA,0,0,NA,0,0,NA,0,0
"David Nwaba_CHI",NA,0,NA,0,27.25,NA,8.75,NA,17.75,NA,14.5,NA,NA,NA,14.5,NA
"Josh Jackson_PHO",NA,1.25,35.25,NA,NA,7.75,13.75,16.25,NA,16.75,2.75,NA,24,NA,26,NA
"Manu Ginobili_SA",NA,NA,10.25,NA,32.25,NA,20.5,NA,17.25,10.75,NA,NA,24.75,NA,21.25,NA
"Frank Mason III_SAC",24.75,21.5,NA,NA,12.25,18.75,NA,NA,26,20.5,NA,15.5,NA,24.5,12.75,NA
"Marvin Williams_CHA",NA,NA,15.25,NA,29.5,NA,17.25,NA,14.25,NA,10.25,NA,15.5,NA,14,35
"Maxi Kleber_DAL",NA,NA,27.25,NA,NA,14,11.75,NA,32.75,10.5,NA,10.75,32.25,NA,8.5,1.25
"Cory Joseph_IND",NA,NA,3.5,NA,18.5,NA,22.25,NA,21.25,NA,8.25,NA,NA,NA,18.25,NA
"Jamal Crawford_MIN",NA,12.75,17.25,NA,17.75,NA,8.25,NA,19.25,12,NA,8.5,12,NA,32.75,NA
"Mario Chalmers_MEM",NA,NA,0,NA,10.5,11.5,10,NA,22.25,NA,14.25,NA,11,NA,26,NA
"Chandler Parsons_MEM",NA,NA,0,NA,14,0,0,NA,19.25,NA,20.75,NA,0,NA,0,NA
"Andrew Harrison_MEM",NA,NA,24,NA,15.5,21.25,17,NA,18.25,NA,35.75,NA,9,NA,13.5,NA
"Frank Kaminsky_CHA",NA,NA,30.75,NA,10.25,NA,29.25,NA,1.25,NA,8,NA,12,NA,11.25,27.25
"Justise Winslow_MIA",NA,12.5,16.75,NA,25.25,NA,NA,NA,14,NA,2.5,NA,0,NA,0,0
"Wayne Ellington_MIA",NA,11,8.75,NA,26.5,NA,NA,NA,10.25,NA,38,NA,15.75,NA,18.5,35.75
"Jordan Mickey_MIA",NA,0,4.5,NA,0,NA,NA,NA,0,NA,0,NA,27,NA,19.5,10.75
"Malcolm Delaney_ATL",NA,NA,NA,0,NA,0,7,NA,0,3.5,NA,13.75,NA,NA,15,35
"Isaiah Taylor_ATL",NA,NA,NA,0.75,NA,20.5,12.5,NA,9.75,17.5,NA,8.75,NA,NA,14.5,20.75
"Jonas Jerebko_UTA",NA,31.5,NA,21.5,20.5,NA,15.25,13,NA,NA,13.75,NA,13.75,NA,13,NA
"Ekpe Udoh_UTA",NA,10,NA,12,12.5,NA,8,0,NA,NA,0,NA,40.25,NA,12.5,NA
"Joe Johnson_UTA",NA,0,NA,0,0,NA,0,0,NA,NA,0,NA,13.75,NA,6.25,NA
"Joe Harris_BKN",NA,NA,19.5,NA,NA,21.75,17.5,NA,NA,12,NA,11,NA,NA,22,23
"Josh Hart_LAL",10.75,NA,9.25,NA,NA,23.25,NA,NA,NA,3.75,NA,32,NA,NA,27.5,8.25
"Troy Daniels_PHO",NA,13.25,3,NA,NA,5,6.75,18,NA,16.5,41.25,NA,19.25,NA,13.75,NA
"DJ Augustin_ORL",NA,NA,19.75,NA,19,NA,23.75,NA,12.75,NA,8.5,NA,NA,NA,21.5,6.75
"Dillon Brooks_MEM",NA,NA,13,NA,7.25,17.25,14,NA,8.75,NA,10.75,NA,18.75,NA,12.5,NA
"Cody Zeller_CHA",NA,NA,12,NA,26.75,NA,14.75,NA,21,NA,0,NA,0,NA,0,0
"Emmanuel Mudiay_DEN",NA,15.75,NA,18,NA,17.75,12,NA,26.5,4.5,9.25,NA,NA,NA,0,0
"Torrey Craig_DEN",NA,0,NA,0,NA,0,0,NA,0,0,0,NA,NA,NA,20,3.75
"Marco Belinelli_ATL",NA,NA,NA,32,NA,18.5,13.5,NA,21.75,12,NA,5.5,NA,NA,18.75,40.75
"Jerian Grant_CHI",NA,14.75,NA,26.5,31,NA,6,NA,9.5,NA,12.5,NA,NA,NA,25.5,NA
"Aron Baynes_BOS",NA,NA,NA,10.5,NA,11.75,20,NA,10.25,NA,26.5,NA,20,NA,8.25,NA
"Jerami Grant_OKC",NA,NA,19.25,NA,20.75,NA,NA,8.25,NA,NA,22.5,NA,17.5,NA,18.25,9.5
"Glenn Robinson III_IND",NA,NA,0,NA,0,NA,0,NA,0,NA,0,NA,NA,NA,0,NA
"Ed Davis_POR",NA,NA,NA,3.25,NA,11,NA,1.25,NA,NA,18.25,NA,16.75,NA,23.75,19
"Tyler Ulis_PHO",NA,32.5,23,NA,NA,10,32.75,11.75,NA,19.75,34.25,NA,6.75,NA,6,NA
"Jamil Wilson_LAC",0,NA,NA,7.75,NA,13,NA,NA,11.25,NA,14.75,NA,17.5,NA,21.5,6
"Patrick McCaw_GS",40.25,NA,0,NA,18.25,NA,7,NA,0,NA,NA,7.5,NA,NA,24.5,10.75
"Devin Harris_DAL",NA,NA,21.5,NA,NA,25.75,25.25,NA,10.5,19.25,NA,28.5,4.75,NA,14.5,1.5
"Thabo Sefolosha_UTA",NA,11.25,NA,20.5,14,NA,14.75,33.5,NA,NA,8,NA,21.25,NA,22.75,NA
"Mike James_PHO",NA,18.25,22,NA,NA,20.75,8.25,15.5,NA,25.75,21.5,NA,0,NA,12.5,NA
"Marquese Chriss_PHO",NA,12.5,23,NA,NA,9.5,17.5,9,NA,21.5,5.75,NA,7.5,NA,25,NA
"Kosta Koufos_SAC",1.5,12.25,NA,NA,10.5,0.25,NA,NA,15.75,22.5,NA,24,NA,13,26,NA
"Garrett Temple_SAC",25.75,21.5,NA,NA,28.25,24,NA,NA,12.5,4,NA,11.75,NA,27,9.75,NA
"Sam Dekker_LAC",17.5,NA,NA,11.75,NA,2.75,NA,NA,3.25,NA,21.5,NA,7.75,NA,13.75,23.75
"Kenneth Faried_DEN",NA,20,NA,32.75,NA,27.25,31.25,NA,16.25,0,22.5,NA,NA,NA,0,0
"Shaun Livingston_GS",14.75,NA,7.25,NA,5,NA,0,NA,7.25,NA,NA,9.75,NA,NA,0,0
"DeAndre' Bembry_ATL",NA,NA,NA,0,NA,0,0,NA,0,0,NA,0,NA,NA,0,0
"Miles Plumlee_ATL",NA,NA,NA,0,NA,22.25,11.75,NA,13,6,NA,6.25,NA,NA,23.25,6.25
"Jahlil Okafor_BKN",NA,NA,NA,NA,NA,NA,NA,NA,NA,0,NA,0,NA,NA,0,0
"Corey Brewer_LAL",13.5,NA,3.5,NA,NA,0,NA,NA,NA,0.75,NA,7.5,NA,NA,35.75,0
"Bryn Forbes_SA",NA,NA,10.75,NA,16,NA,2.75,NA,25.75,13.75,NA,NA,14,NA,6.5,NA
"Terrence Ross_ORL",NA,NA,13.25,NA,0,NA,0,NA,0,NA,0,NA,NA,NA,0,0
"Tomas Satoransky_WAS",NA,24.75,26.5,NA,31,NA,13.5,17,NA,18.5,8,NA,NA,21.75,NA,9.5
"Tim Frazier_WAS",NA,9.25,10.75,NA,24.75,NA,8,21.75,NA,12.25,5.5,NA,NA,5,NA,11
"Montrezl Harrell_LAC",0,NA,NA,19.75,NA,19,NA,NA,12.5,NA,13.5,NA,21.5,NA,19.5,6.25
"Jarell Martin_MEM",NA,NA,9.5,NA,4,13.5,8,NA,13,NA,3.25,NA,23,NA,18,NA
"Tony Snell_MIL",NA,19,NA,8,NA,10.5,12.5,NA,5,NA,0,NA,0,16,NA,4
"David West_GS",22.25,NA,0,NA,14.75,NA,21,NA,20.25,NA,NA,22.75,NA,NA,19.5,21.5
"Tyler Cavanaugh_ATL",NA,NA,NA,4.25,NA,16.75,11.5,NA,25.5,25.25,NA,12.5,NA,NA,0,12
"Daniel Theis_BOS",NA,NA,NA,21.5,NA,12,8.75,NA,28.25,NA,15.25,NA,14.75,NA,12,NA
"Andre Roberson_OKC",NA,NA,24.75,NA,19.5,NA,NA,19,NA,NA,0,NA,16.25,NA,16,18.25
"Raul Neto_UTA",NA,0,NA,0,0,NA,0,0,NA,NA,0,NA,0,NA,0,NA
"Tyler Zeller_BKN",NA,NA,26.25,NA,NA,16.25,19.25,NA,NA,24.5,NA,20,NA,NA,10.75,18.75
"Jarrett Allen_BKN",NA,NA,15.5,NA,NA,23,22.75,NA,NA,17.5,NA,2.75,NA,NA,12,21
"Nik Stauskas_BKN",NA,NA,NA,NA,NA,NA,NA,NA,NA,0,NA,0,NA,NA,3.5,21.75
"Maurice Harkless_POR",NA,NA,NA,5.5,NA,0,NA,8.5,NA,NA,6.25,NA,0,NA,0,12.5
"Zach Collins_POR",NA,NA,NA,0,NA,0,NA,0,NA,NA,14.25,NA,15.5,NA,6.5,16
"Gorgui Dieng_MIN",NA,10.25,41.5,NA,15.75,NA,23.25,NA,15,14.75,NA,27,8,NA,21.75,NA
"Dragan Bender_PHO",NA,8,10.5,NA,NA,11.75,14.25,1.25,NA,18.75,13.5,NA,27,NA,10,NA
"Tyus Jones_MIN",NA,30.5,38.5,NA,2.5,NA,8,NA,7,13.25,NA,8.25,18.5,NA,9.25,NA
"Davis Bertans_SA",NA,NA,0,NA,1.5,NA,19.25,NA,16.25,0,NA,NA,25.75,NA,2.75,NA
"Brandon Paul_SA",NA,NA,0,NA,2,NA,1.5,NA,3.5,0,NA,NA,4.25,NA,0,NA
"Shelvin Mack_ORL",NA,NA,0,NA,4.25,NA,0,NA,0,NA,13.25,NA,NA,NA,12.25,3.5
"Ian Mahinmi_WAS",NA,17.5,15.5,NA,14.25,NA,4.75,12,NA,0,0,NA,NA,14.25,NA,4.5
"Arron Afflalo_ORL",NA,NA,2.75,NA,2,NA,9.5,NA,6.5,NA,0,NA,NA,NA,3.5,4
"Jawun Evans_LAC",8.5,NA,NA,15,NA,9.25,NA,NA,14.5,NA,18.25,NA,12,NA,6.5,25.25
"CJ Williams_LAC",11.75,NA,NA,10,NA,11.75,NA,NA,5,NA,11.25,NA,13.5,NA,16.75,17
"Thon Maker_MIL",NA,14.25,NA,6.5,NA,12.25,1.25,NA,1.75,NA,9.5,NA,9.5,15.75,NA,8.5
"Jameer Nelson_NO",NA,NA,16.75,NA,14.25,12.75,13,NA,19.25,NA,20.25,NA,NA,8.75,NA,14.5
"Kevon Looney_GS",1,NA,11,NA,2,NA,1.25,NA,5.5,NA,NA,2.25,NA,NA,9.75,3.25
"Paul Zipser_CHI",NA,6.5,NA,17.5,24.25,NA,4,NA,14.25,NA,3.75,NA,NA,NA,8.5,NA
"Shane Larkin_BOS",NA,NA,NA,0,NA,0,0,NA,22,NA,27.75,NA,3.5,NA,0.75,NA
"Alex Abrines_OKC",NA,NA,0,NA,0,NA,NA,5.25,NA,NA,24,NA,3.25,NA,9,0.5
"Quincy Acy_BKN",NA,NA,13.75,NA,NA,5,9.75,NA,NA,5,NA,5,NA,NA,12.75,10.25
"Pat Connaughton_POR",NA,NA,NA,7.25,NA,21,NA,7.75,NA,NA,4.25,NA,8,NA,5.25,17.5
"Nemanja Bjelica_MIN",NA,0,0,NA,0,NA,0,NA,0,0,NA,0,0,NA,0,NA
"Shabazz Muhammad_MIN",NA,0.75,0,NA,0,NA,0,NA,0,0,NA,0,0,NA,0,NA
"Skal Labissiere_SAC",18.5,18.5,NA,NA,14.5,2.75,NA,NA,0,13.5,NA,10.75,NA,5.5,14.5,NA
"Jakarr Sampson_SAC",0,0,NA,NA,0,0,NA,NA,0,0,NA,0,NA,0,0,NA
"Jonathan Isaac_ORL",NA,NA,0,NA,0,NA,0,NA,0,NA,0,NA,NA,NA,5.5,0
"Michael Carter-Williams_CHA",NA,NA,21.5,NA,29,NA,8.25,NA,9.25,NA,10.75,NA,11.75,NA,13,16.5
"DeAndre Liggins_MIL",NA,7.25,NA,7.75,NA,5.5,4.75,NA,12.5,NA,7.5,NA,11.5,4.75,NA,7
"Dante Cunningham_NO",NA,NA,10.5,NA,4.75,26,26.75,NA,20,NA,13,NA,NA,3.25,NA,14.25
"Darius Miller_NO",NA,NA,17,NA,23,19.5,15,NA,16,NA,19.75,NA,NA,4.75,NA,15
"Zaza Pachulia_GS",13.75,NA,23,NA,23.5,NA,0,NA,3.25,NA,NA,0,NA,NA,0,0
"Nick Young_GS",8.75,NA,11.5,NA,3.5,NA,8.25,NA,14.25,NA,NA,0,NA,NA,18.5,10.5
"Juancho Hernangomez_DEN",NA,0,NA,0,NA,0,0,NA,0,0,0,NA,NA,NA,0,0
"Semi Ojeleye_BOS",NA,NA,NA,5,NA,9.5,2.5,NA,3.75,NA,9.25,NA,0,NA,1.25,NA
"Patrick Patterson_OKC",NA,NA,0,NA,9.25,NA,NA,9.75,NA,NA,11.75,NA,28.25,NA,9.25,8.75
"Al Jefferson_IND",NA,NA,0,NA,0,NA,0,NA,0,NA,0,NA,NA,NA,0,NA
"Isaiah Whitehead_BKN",NA,NA,9.25,NA,NA,5.5,0,NA,NA,0,NA,0,NA,NA,0,0
"Meyers Leonard_POR",NA,NA,NA,5.75,NA,27,NA,3.25,NA,NA,0,NA,0,NA,4.75,0
"Caleb Swanigan_POR",NA,NA,NA,0,NA,0,NA,0,NA,NA,0,NA,0,NA,0,0
"Ivica Zubac_LAL",0,NA,0,NA,NA,0,NA,NA,NA,0,NA,0,NA,NA,0,0
"Jared Dudley_PHO",NA,0,12.5,NA,NA,8.75,0,25.75,NA,0,0,NA,0,NA,0,NA
"Wes Iwundu_ORL",NA,NA,0,NA,0,NA,0,NA,0,NA,0,NA,NA,NA,0,0
"James Ennis III_MEM",NA,NA,0,NA,0,0,0,NA,0,NA,0,NA,0,NA,0,NA
"Ben McLemore_MEM",NA,NA,17.75,NA,22.5,15,10.75,NA,1.5,NA,14.25,NA,2,NA,15.75,NA
"Mirza Teletovic_MIL",NA,0,NA,0,NA,0,0,NA,0,NA,0,NA,0,0,NA,0
"Matthew Dellavedova_MIL",NA,0,NA,0,NA,0,0,NA,0,NA,0,NA,0,8.5,NA,6
"JaVale McGee_GS",10,NA,0,NA,0,NA,15,NA,9.25,NA,NA,2,NA,NA,13,0
"Malik Beasley_DEN",NA,8.5,NA,0,NA,0,7.25,NA,14.75,12.5,11.25,NA,NA,NA,4.5,0
"Dwight Powell_DAL",NA,NA,30.75,NA,NA,22,26.25,NA,10.25,30,NA,15.5,13.25,NA,9.75,18
"Luke Babbitt_ATL",NA,NA,NA,12,NA,26,8.5,NA,6,15.25,NA,12.75,NA,NA,1.5,0
"Antonio Blakeney_CHI",NA,11,NA,6,2.5,NA,0,NA,0,NA,0,NA,NA,NA,0,NA
"Raymond Felton_OKC",NA,NA,12.5,NA,6.25,NA,NA,3,NA,NA,18.75,NA,14.75,NA,17.75,14.75
"Noah Vonleh_POR",NA,NA,NA,11,NA,17.75,NA,9.5,NA,NA,0.75,NA,5.5,NA,0,0
"Vince Carter_SAC",16.75,4.5,NA,NA,11.5,0,NA,NA,9,0,NA,15,NA,14.25,0,NA
"Bismack Biyombo_ORL",NA,NA,15,NA,17.25,NA,7.25,NA,9,NA,18,NA,NA,NA,3,12
"Jodie Meeks_WAS",NA,14,31,NA,7.75,NA,7.5,0.5,NA,25.5,17.75,NA,NA,6.5,NA,15
"Tony Allen_NO",NA,NA,13.25,NA,2.5,11,2.25,NA,10,NA,0,NA,NA,0,NA,0
"Quinn Cook_GS",0,NA,0,NA,0,NA,0,NA,16.75,NA,NA,6,NA,NA,13,0
"Mike Muscala_ATL",NA,NA,NA,0,NA,0,0,NA,0,0,NA,0,NA,NA,0,0
"Nerlens Noel_DAL",NA,NA,0,NA,NA,0,0,NA,0,0,NA,0,0,NA,0,0
"Salah Mejri_DAL",NA,NA,2.5,NA,NA,8,11.75,NA,2.75,5.75,NA,0,7.75,NA,20.75,12.25
"Johnathan Motley_DAL",NA,NA,0,NA,NA,0,0,NA,0,0,NA,7.25,0,NA,0,0
"Kyle Collinsworth_DAL",NA,NA,NA,NA,NA,NA,NA,NA,NA,NA,NA,NA,NA,NA,6.25,5.25
"Josh Magette_ATL",NA,NA,NA,0,NA,0,0,NA,0,0,NA,0,NA,NA,0,0
"Dorian Finney-Smith_DAL",NA,NA,0,NA,NA,0,0,NA,0,0,NA,0,0,NA,0,0
"Tyler Dorsey_ATL",NA,NA,NA,0,NA,0,7.5,NA,0,0,NA,7,NA,NA,0,0
"Josh McRoberts_DAL",NA,NA,0,NA,NA,0,0,NA,0,0,NA,0,0,NA,0,0
"Cristiano Felicio_CHI",NA,0,NA,0,0,NA,0,NA,0,NA,0,NA,NA,NA,0,NA
"Quincy Pondexter_CHI",NA,0,NA,0,0,NA,0,NA,0,NA,0,NA,NA,NA,0,NA
"Guerschon Yabusele_BOS",NA,NA,NA,0,NA,0,0,NA,10.5,NA,0,NA,0,NA,10.75,NA
"Abdel Nader_BOS",NA,NA,NA,0,NA,0,0,NA,7.5,NA,0,NA,0,NA,0,NA
"Jabari Bird_BOS",NA,NA,NA,0,NA,0,0,NA,0,NA,0,NA,0,NA,0,NA
"Kadeem Allen_BOS",NA,NA,NA,0,NA,0,0,NA,0,NA,0,NA,0,NA,0,NA
"Ryan Arcidiacono_CHI",NA,0,NA,0,0,NA,0,NA,0,NA,0,NA,NA,NA,0,NA
"Gordon Hayward_BOS",NA,NA,NA,0,NA,0,0,NA,0,NA,0,NA,0,NA,0,NA
"Cameron Payne_CHI",NA,0,NA,0,0,NA,0,NA,0,NA,0,NA,NA,NA,0,NA
"Royce O'Neale_UTA",NA,14.75,NA,21.75,3.5,NA,33.75,2,NA,NA,0,NA,19.5,NA,12.25,NA
"Josh Huestis_OKC",NA,NA,0,NA,4.75,NA,NA,0,NA,NA,8.75,NA,2.25,NA,2.75,18
"Dakari Johnson_OKC",NA,NA,3.25,NA,0,NA,NA,0,NA,NA,0,NA,10.25,NA,5.75,0
"Kyle Singler_OKC",NA,NA,0,NA,0,NA,NA,0,NA,NA,0,NA,0,NA,0,0
"Nick Collison_OKC",NA,NA,0,NA,4.25,NA,NA,0,NA,NA,0,NA,4.25,NA,3.25,0
"Tony Bradley_UTA",NA,0,NA,0,0,NA,0,0,NA,NA,0,NA,0,NA,7.75,NA
"Terrance Ferguson_OKC",NA,NA,0,NA,0,NA,NA,0,NA,NA,5.5,NA,0,NA,3.5,0
"Nate Wolters_UTA",NA,0,NA,0,0,NA,0,0,NA,NA,0,NA,0,NA,0,NA
"PJ Dozier_OKC",NA,NA,0,NA,0,NA,NA,0,NA,NA,0,NA,0,NA,0,0
"Dante Exum_UTA",NA,0,NA,0,0,NA,0,0,NA,NA,0,NA,0,NA,0,NA
"Daniel Hamilton_OKC",NA,NA,0,NA,0,NA,NA,0,NA,NA,0,NA,0,NA,0,0
"Erik McCree_UTA",NA,NA,NA,NA,NA,NA,NA,NA,NA,NA,NA,NA,NA,NA,NA,NA
"Jeremy Lin_BKN",NA,NA,0,NA,NA,0,0,NA,NA,0,NA,0,NA,NA,0,0
"Timofey Mozgov_BKN",NA,NA,0,NA,NA,0,0,NA,NA,0,NA,7.5,NA,NA,0,5
"TJ Leaf_IND",NA,NA,0,NA,6.5,NA,6.25,NA,0,NA,4.75,NA,NA,NA,0,NA
"Jacob Wiley_BKN",NA,NA,0,NA,NA,0,0,NA,NA,0,NA,0,NA,NA,0,0
"Joe Young_IND",NA,NA,0,NA,0,NA,0,NA,0,NA,0,NA,NA,NA,0,NA
"Damien Wilkins_IND",NA,NA,0,NA,0,NA,0,NA,0,NA,0,NA,NA,NA,0,NA
"Ike Anigbogu_IND",NA,NA,0,NA,0,NA,0,NA,0,NA,0,NA,NA,NA,0,NA
"Alex Poythress_IND",NA,NA,0,NA,0,NA,0,NA,0,NA,0,NA,NA,NA,0,NA
"Milton Doyle_BKN",NA,NA,NA,NA,NA,NA,NA,NA,NA,NA,NA,NA,NA,NA,0,0
"Yakuba Ouattara_BKN",NA,NA,0,NA,NA,0,0,NA,NA,0,NA,0,NA,NA,0,0
"Edmond Sumner_IND",NA,NA,0,NA,0,NA,0,NA,0,NA,0,NA,NA,NA,0,NA
"Andrew Bogut_LAL",0,NA,6,NA,NA,0,NA,NA,NA,0,NA,0,NA,NA,6.75,11.25
"Luol Deng_LAL",0,NA,0,NA,NA,0,NA,NA,NA,0,NA,0,NA,NA,0,0
"Tyler Ennis_LAL",0,NA,0,NA,NA,0,NA,NA,NA,0,NA,0,NA,NA,0,0
"Alex Caruso_LAL",0,NA,0,NA,NA,0,NA,NA,NA,0,NA,0,NA,NA,0,0
"Jake Layman_POR",NA,NA,NA,0,NA,0,NA,0,NA,NA,0,NA,0,NA,0,4.25
"Vander Blue_LAL",0,NA,0,NA,NA,0,NA,NA,NA,0,NA,0,NA,NA,0,0
"Thomas Bryant_LAL",0,NA,0,NA,NA,0,NA,NA,NA,0,NA,0,NA,NA,0,0
"CJ Wilcox_POR",NA,NA,NA,0,NA,0,NA,0,NA,NA,0,NA,0,NA,0,0
"Wade Baldwin IV_POR",NA,NA,NA,0,NA,0,NA,0,NA,NA,0,NA,0,NA,0,0
"Danuel House_PHO",NA,NA,NA,NA,NA,NA,NA,NA,NA,0,4.75,NA,10,NA,8.75,NA
"Aaron Brooks_MIN",NA,4.25,7.75,NA,0,NA,0,NA,0,0,NA,7.75,0,NA,0,NA
"Alec Peters_PHO",NA,0,0,NA,NA,0,0,0,NA,0,0,NA,0,NA,0,NA
"Cole Aldrich_MIN",NA,0,0,NA,0,NA,0,NA,0,0,NA,4,0,NA,0,NA
"Marcus Georges-Hunt_MIN",NA,0,0,NA,0,NA,0,NA,0,0,NA,7.75,4,NA,0,NA
"Alan Williams_PHO",NA,0,0,NA,NA,0,0,0,NA,0,0,NA,0,NA,0,NA
"Brandon Knight_PHO",NA,0,0,NA,NA,0,0,0,NA,0,0,NA,0,NA,0,NA
"Justin Patton_MIN",NA,0,0,NA,0,NA,0,NA,0,0,NA,0,0,NA,0,NA
"Davon Reed_PHO",NA,0,0,NA,NA,0,0,0,NA,0,0,NA,0,NA,0,NA
"Anthony Brown_MIN",NA,0,0,NA,0,NA,0,NA,0,0,NA,0,0,NA,0,NA
"Matt Costello_SA",NA,NA,0,NA,0,NA,0,NA,0,0,NA,NA,0,NA,0,NA
"Joffrey Lauvergne_SA",NA,NA,0,NA,4.75,NA,0,NA,0,5.25,NA,NA,10.5,NA,9.25,NA
"Justin Jackson_SAC",0,0,NA,NA,0,0,NA,NA,0,0,NA,7,NA,11,9.25,NA
"Georgios Papagiannis_SAC",0,0,NA,NA,0,0,NA,NA,0,0,NA,0,NA,0,0,NA
"Malachi Richardson_SAC",0,4,NA,NA,0,0,NA,NA,0,0,NA,0,NA,9.5,0,NA
"Derrick White_SA",NA,NA,0,NA,0,NA,0,NA,0,0,NA,NA,0,NA,0,NA
"Jack Cooley_SAC",0,0,NA,NA,0,0,NA,NA,0,0,NA,0,NA,0,0,NA
"Darrun Hilliard_SA",NA,NA,0,NA,0,NA,0,NA,0,0,NA,NA,0,NA,0,NA
"Harry Giles_SAC",0,0,NA,NA,0,0,NA,NA,0,0,NA,0,NA,0,0,NA
"Marreese Speights_ORL",NA,NA,0,NA,0,NA,8.75,NA,0,NA,5.5,NA,NA,NA,0,8.75
"Jason Smith_WAS",NA,0,0,NA,0,NA,4.5,0,NA,18.75,11,NA,NA,0,NA,15
"Chris McCullough_WAS",NA,0,12.5,NA,0,NA,9.25,0,NA,0,0,NA,NA,0,NA,7.25
"Adreian Payne_ORL",NA,NA,0,NA,0,NA,0,NA,0,NA,0,NA,NA,NA,14.5,6.5
"Jamel Artis_ORL",NA,NA,0,NA,0,NA,0,NA,0,NA,0,NA,NA,NA,10.75,4.75
"Khem Birch_ORL",NA,NA,0,NA,0,NA,0,NA,0,NA,0,NA,NA,NA,0,0
"Mike Young_WAS",NA,0,0,NA,0,NA,0,0,NA,0,0,NA,NA,0,NA,0
"Sheldon Mac_WAS",NA,0,0,NA,0,NA,0,0,NA,0,0,NA,NA,0,NA,0
"Devin Robinson_WAS",NA,0,0,NA,0,NA,0,0,NA,0,0,NA,NA,0,NA,0
"Patrick Beverley_LAC",0,NA,NA,0,NA,0,NA,NA,0,NA,0,NA,0,NA,0,0
"Brandan Wright_MEM",NA,NA,0,NA,2,0,0,NA,0,NA,0,NA,0,NA,0,NA
"Willie Reed_LAC",2.75,NA,NA,16.25,NA,2,NA,NA,0,NA,0,NA,0,NA,16.5,10.75
"Deyonta Davis_MEM",NA,NA,4.5,NA,17.5,0,13.25,NA,1.25,NA,4,NA,9.5,NA,3.5,NA
"Sindarius Thornwell_LAC",6.75,NA,NA,4.25,NA,13,NA,NA,8.5,NA,6,NA,4.25,NA,0,0
"Wayne Selden_MEM",NA,NA,0,NA,0,0,0,NA,0,NA,0,NA,0,NA,0,NA
"Brice Johnson_LAC",0,NA,NA,0,NA,6.75,NA,NA,0,NA,0,NA,0,NA,0,0
"Kobi Simmons_MEM",NA,NA,0,NA,0,0,0,NA,0,NA,0,NA,4.5,NA,0,NA
"Vince Hunter_MEM",NA,NA,0,NA,0,0,0,NA,0,NA,0,NA,0,NA,0,NA
"Ivan Rabb_MEM",NA,NA,0,NA,0,0,0,NA,0,NA,0,NA,0,NA,3.25,NA
"Malik Monk_CHA",NA,NA,21,NA,11.25,NA,0,NA,0,NA,7,NA,0,NA,16.5,0
"Treveon Graham_CHA",NA,NA,0,NA,0,NA,0,NA,8.25,NA,8.75,NA,3,NA,0,0
"Johnny O'Bryant III_CHA",NA,NA,0,NA,0,NA,0,NA,0,NA,0,NA,0,NA,0,0
"Sean Kilpatrick_MIL",NA,NA,NA,NA,NA,NA,NA,NA,NA,NA,NA,NA,NA,NA,NA,12.25
"Dwayne Bacon_CHA",NA,NA,1.25,NA,0,NA,0,NA,3.75,NA,0,NA,0,NA,8.25,0
"Rashad Vaughn_MIL",NA,0,NA,0,NA,0,0,NA,23.25,NA,6.5,NA,8,0,NA,0
"Julyan Stone_CHA",NA,NA,0,NA,0,NA,0,NA,0,NA,0,NA,0,NA,6,0
"Jason Terry_MIL",NA,12,NA,6,NA,10.75,7.25,NA,0,NA,0,NA,0,0,NA,0
"Sterling Brown_MIL",NA,0,NA,0,NA,0,0,NA,0,NA,0,NA,12.5,5.25,NA,4.75
"Joel Bolomboy_MIL",NA,0,NA,0,NA,0,0,NA,0,NA,6.5,NA,0,0,NA,0
"Marcus Paige_CHA",NA,NA,0,NA,0,NA,0,NA,0,NA,0,NA,0,NA,0,0
"Mangok Mathiang_CHA",NA,NA,0,NA,0,NA,0,NA,0,NA,0,NA,0,NA,3.75,0
"DJ Wilson_MIL",NA,7.5,NA,0,NA,0,0,NA,0,NA,0,NA,0,0,NA,0
"Ian Clark_NO",NA,NA,3.5,NA,0,4,2,NA,0,NA,0,NA,NA,5.75,NA,10.75
"Okaro White_MIA",NA,0,0,NA,0,NA,NA,NA,0,NA,0,NA,0,NA,0,0
"Cheick Diallo_NO",NA,NA,0,NA,0,0,0,NA,0,NA,0,NA,NA,5.75,NA,9.25
"Omer Asik_NO",NA,NA,0,NA,0,11.25,7.75,NA,8.5,NA,0,NA,NA,5.75,NA,0
"Charles Cooke_NO",NA,NA,0,NA,0,0,0,NA,0,NA,0,NA,NA,4.5,NA,0
"Jalen Jones_NO",NA,NA,0,NA,0,0,0,NA,0,NA,0,NA,NA,0,NA,0
"Udonis Haslem_MIA",NA,0,0,NA,0,NA,NA,NA,0,NA,0,NA,0,NA,3.25,2.75
"Derrick Walton_MIA",NA,3.25,0,NA,0,NA,NA,NA,0,NA,0,NA,0,NA,2.75,17.5
"Frank Jackson_NO",NA,NA,0,NA,0,0,0,NA,0,NA,0,NA,NA,0,NA,0
"Alexis Ajinca_NO",NA,NA,0,NA,0,0,0,NA,0,NA,0,NA,NA,0,NA,0
"Rodney McGruder_MIA",NA,0,0,NA,0,NA,NA,NA,0,NA,0,NA,0,NA,0,0
"Matt Williams_MIA",NA,0,0,NA,0,NA,NA,NA,0,NA,0,NA,0,NA,0,0
"Solomon Hill_NO",NA,NA,0,NA,0,0,0,NA,0,NA,0,NA,NA,0,NA,0
"AJ Hammons_MIA",NA,0,0,NA,0,NA,NA,NA,0,NA,0,NA,0,NA,0,0
"Darrell Arthur_DEN",NA,0,NA,0,NA,0,0,NA,0,7.5,0,NA,NA,NA,0,0
"Richard Jefferson_DEN",NA,0,NA,5,NA,7.75,0,NA,0,0,0,NA,NA,NA,0,0
"Monte Morris_DEN",NA,0,NA,0,NA,0,0,NA,0,0,0,NA,NA,NA,0,0
"Damian Jones_GS",0,NA,0,NA,0,NA,0,NA,0,NA,NA,0,NA,NA,0,0
"Chris Boucher_GS",0,NA,0,NA,0,NA,0,NA,0,NA,NA,0,NA,NA,0,0
"Tyler Lydon_DEN",NA,0,NA,0,NA,0,0,NA,0,0,0,NA,NA,NA,0,0
